Meaning,Weight
Sabotage,1
Desertion,1
Defection,1
Abandonment,1
Deception,1
Misinformation,1
Blackmail,1
Theft,1
Fraud,1
Espionage,1
Infiltration,1
Assassination,1
Kidnapping,1
Hostages,1
Ambush,1
Trap,1
Betrayal,1
Treason,1
Collusion,1
Conspiracy,1
Bribery,1
Corruption,1
Extortion,1
Coercion,1
Intimidation,1
Manipulation,1
Disinformation,1
Forgery,1
Fabrication,1
Leak,1
Exposure,1
Blacklisting,1
Accusation,1
Denunciation,1
Condemnation,1
Withdrawal,1
Surrender,1
Capitulation,1
Disobedience,1
Insubordination,1
Mutiny,1
Rebellion,1
Sedition,1
Treachery,1
Duplicity,1
Hypocrisy,1
Deceit,1
Lying,1
Concealment,1
Omission,1
Misdirection,1
Distraction,1
Diversion,1
Compromise,1
Contamination,1
Poisoning,1
Tampering,1
Destruction,1
Confiscation,1
Embezzlement,1
Appropriation,1
Exploitation,1
Abuse,1
Neglect,1
Exile,1
Imprisonment,1
Execution,1
Recruitment,1
Turncoat,1
Infiltrator,1
Perfidy,1
Falsehood,1
Counterfeit,1
Impersonation,1
Disguise,1
Masquerade,1
Provocation,1
Incitement,1
Framing,1
Scapegoating,1
Backstab,1
Perjury,1
Abduction,1
Bait,1
Snitching,1
Slander,1
Libel,1
Sellout,1
Renegade,1
Informer,1
Usurpation,1
Poisoner,1
Mole,1
Sleeper,1
Plant,1
Saboteur,1
Traitor,1
Defamation,1
Doublecross,1
Ransom,1
